collectorNumber, setID, isFoil,isList,language
262,DMU,no,no,en
263,DMU,no,no,en
264,DMU,no,no,en
265,DMU,no,no,en
265,DMU,no,no,en
266,DMU,no,no,en
267,DMU,no,no,en
268,DMU,no,no,en
268,DMU,no,no,en
269,DMU,no,no,en
270,DMU,no,no,en
271,DMU,no,no,en
271,DMU,no,no,en
272,DMU,no,no,en
273,DMU,no,no,en
274,DMU,no,no,en
274,DMU,no,no,en
275,DMU,no,no,en
276,DMU,no,no,en
262,DMU,no,no,en
429,DMU,yes,no,en
270,DMU,yes,no,en
271,DMU,yes,no,en
271,DMU,yes,no,en
272,DMU,yes,no,en
273,DMU,yes,no,en
274,DMU,yes,no,en
274,DMU,yes,no,en
275,DMU,yes,no,en
276,DMU,yes,no,en
262,DMU,yes,no,en
262,DMU,yes,no,en
263,DMU,yes,no,en
264,DMU,yes,no,en
265,DMU,yes,no,en
265,DMU,yes,no,en
266,DMU,yes,no,en
267,DMU,yes,no,en
268,DMU,yes,no,en
268,DMU,yes,no,en
269,DMU,yes,no,en
275,DMU,no,no,en
240,DMU,no,no,en
152,DMU,no,no,en
138,DMU,no,no,en
223,DMU,no,no,en
86,DMU,no,no,en
184,DMU,no,no,en
296,DMU,no,no,en
309,DMU,no,no,en
298,DMU,no,no,en
110,DMU,no,no,en
27,DMU,yes,no,en
263,DMU,no,no,en
22,DMU,no,no,en
258,DMU,no,no,en
31,DMU,no,no,en
92,DMU,no,no,en
159,DMU,no,no,en
108,DMU,no,no,en
216,DMU,no,no,en
63,DMU,no,no,en
321,DMU,no,no,en
259,DMU,no,no,en
164,DMU,yes,no,en
151,ELD,no,yes,en
264,DMU,yes,no,en
54,DMU,no,no,en
7,DMU,no,no,en
137,DMU,no,no,en
188,DMU,no,no,en
29,DMU,no,no,en
195,DMU,no,no,en
62,DMU,no,no,en
311,DMU,no,no,en
304,DMU,no,no,en
16,DMU,no,no,en
251,DMU,yes,no,en
264,DMU,no,no,en
254,DMU,no,no,en
6,DMU,no,no,en
144,DMU,no,no,en
238,DMU,no,no,en
224,DMU,no,no,en
14,DMU,no,no,en
43,DMU,no,no,en
322,DMU,no,no,en
324,DMU,no,no,en
84,DMU,no,no,en
258,DMU,yes,no,en
270,DMU,no,no,en
134,DMU,no,no,en
105,DMU,no,no,en
83,DMU,no,no,en
198,DMU,no,no,en
116,DMU,no,no,en
120,DMU,no,no,en
207,DMU,no,no,en
178,DMU,no,no,en
325,DMU,no,no,en
141,DMU,no,no,en
190,DMU,yes,no,en
265,DMU,no,no,en
77,DMU,no,no,en
246,DMU,no,no,en
181,DMU,no,no,en
69,DMU,no,no,en
104,DMU,no,no,en
233,DMU,no,no,en
89,DMU,no,no,en
321,DMU,no,no,en
25,DMU,no,no,en
219,DMU,no,no,en
246,DMU,yes,no,en
58,DDN,no,yes,en
280,DMU,no,no,en
260,DMU,no,no,en
127,DMU,no,no,en
55,DMU,no,no,en
231,DMU,no,no,en
56,DMU,no,no,en
21,DMU,no,no,en
200,DMU,no,no,en
151,DMU,no,no,en
294,DMU,no,no,en
186,DMU,no,no,en
306,DMU,yes,no,en
276,DMU,no,no,en
70,DMU,no,no,en
159,DMU,no,no,en
260,DMU,no,no,en
127,DMU,no,no,en
232,DMU,no,no,en
51,DMU,no,no,en
173,DMU,no,no,en
297,DMU,no,no,en
379,DMU,no,no,en
185,DMU,no,no,en
83,DMU,yes,no,en
220,LTR,no,no,en
43,LTR,no,no,en
98,LTR,no,no,en
80,LTR,no,no,en
161,LTR,no,no,en
105,LTR,no,no,en
157,LTR,no,no,en
188,LTR,no,no,en
270,LTR,no,no,en
188,LTR,no,no,en
105,LTR,no,no,en
267,LTR,no,no,en
207,LTR,no,no,en
22,LTR,no,no,en
7,LTR,no,no,en
6,LTR,no,no,en
27,LTR,no,no,en
11,LTR,no,no,en
8,LTR,no,no,en
6,LTR,no,no,en
148,LTR,no,no,en
99,LTR,no,no,en
131,LTR,no,no,en
201,LTR,no,no,en
118,LTR,no,no,en
146,LTR,no,no,en
123,LTR,no,no,en
137,LTR,no,no,en
33,LTR,no,no,en
129,LTR,no,no,en
131,LTR,no,no,en
24,LTR,no,no,en
12,LTR,no,no,en
22,LTR,no,no,en
117,LTR,no,no,en
115,LTR,no,no,en
127,LTR,no,no,en
127,LTR,no,no,en
131,LTR,no,no,en
133,LTR,no,no,en
251,LTR,no,no,en
225,LTR,no,no,en
226,LTR,no,no,en
113,LTR,no,no,en
221,LTR,no,no,en
217,LTR,no,no,en
242,LTR,no,no,en
33,LTR,no,no,en
11,LTR,no,no,en
25,LTR,no,no,en
265,LTR,no,no,en
151,LTR,no,no,en
40,LTR,no,no,en
251,LTR,no,no,en
46,LTR,no,no,en
105,LTR,no,no,en
162,LTR,no,no,en
179,LTR,no,no,en
153,LTR,no,no,en
122,LTR,no,no,en
267,LTR,no,no,en
182,LTR,no,no,en
176,LTR,no,no,en
29,LTR,no,no,en
243,LTR,no,no,en
238,LTR,no,no,en
174,LTR,no,no,en
163,LTR,no,no,en
183,LTR,no,no,en
93,LTR,no,no,en
146,LTR,yes,no,en
94,LTR,yes,no,en
144,LTR,yes,no,en
265,LTR,yes,no,en
218,LTR,yes,no,en
432,LTR,no,no,en
416,LTR,no,no,en
426,LTR,no,no,en
279,LTR,no,no,en
445,LTR,no,no,en
441,LTR,no,no,en
320,LTR,no,no,en
127,FUT,no,yes,en
490,MH2,no,no,en
485,MH2,no,no,en
484,MH2,no,no,en
288,MH2,no,no,en
22,MH2,no,no,en
132,MH2,no,no,en
31,MH2,no,no,en
127,MH2,no,no,en
112,MH2,no,no,en
122,MH2,no,no,en
139,MH2,no,no,en
146,MH2,no,no,en
296,MH2,no,no,en
12,MH2,no,no,en
162,MH2,no,no,en
50,MH2,no,no,en
156,MH2,no,no,en
173,MH2,no,no,en
181,MH2,no,no,en
55,MH2,no,no,en
49,MH2,no,no,en
188,MH2,no,no,en
17,MH2,no,no,en
230,MH2,no,no,en
36,MH2,no,no,en
8,MH2,no,no,en
4,MH2,no,no,en
61,MH2,no,no,en
67,MH2,no,no,en
276,MH2,no,no,en
104,MH2,yes,no,en
89,MH2,yes,no,en
33,MH2,yes,no,en
349,MH2,no,no,en
392,MH2,no,no,en
329,MH2,no,no,en
133,ARB,no,yes,en
15,SLX,no,yes,en
222,ONE,no,no,en
197,ONE,no,no,en
136,ONE,no,no,en
14,ONE,no,no,en
40,ONE,no,no,en
122,ONE,no,no,en
20,ONE,no,no,en
22,ONE,no,no,en
104,ONE,no,no,en
407,ONE,no,no,en
99,ONE,no,no,en
212,ONE,no,no,en
234,ONE,no,no,en
49,ONE,no,no,en
48,ONE,no,no,en
243,ONE,no,no,en
260,ONE,no,no,en
42,ONE,no,no,en
184,ONE,no,no,en
143,ONE,no,no,en
146,ONE,no,no,en
127,ONE,no,no,en
111,ONE,no,no,en
88,ONE,no,no,en
225,ONE,no,no,en
251,ONE,no,no,en
11,ONE,no,no,en
239,ONE,no,no,en
41,ONE,no,no,en
73,ONE,no,no,en
51,ONE,no,no,en
156,ONE,no,no,en
13,ONE,no,no,en
137,ONE,no,no,en
261,ONE,no,no,en
71,ONE,no,no,en
72,ONE,no,no,en
70,ONE,no,no,en
69,ONE,no,no,en
77,ONE,no,no,en
52,ONE,no,no,en
53,ONE,no,no,en
165,ONE,no,no,en
60,ONE,no,no,en
154,ONE,no,no,en
152,ONE,no,no,en
140,ONE,no,no,en
199,ONE,no,no,en
129,ONE,no,no,en
12,ONE,no,no,en
32,ONE,no,no,en
188,ONE,no,no,en
218,ONE,no,no,en
119,ONE,no,no,en
31,ONE,no,no,en
144,ONE,no,no,en
117,ONE,no,no,en
92,ONE,no,no,en
109,ONE,no,no,en
81,ONE,no,no,en
49,ONE,no,no,en
19,ONE,no,no,en
68,ONE,no,no,en
132,ONE,no,no,en
64,ONE,no,no,en
108,ONE,no,no,en
175,ONE,no,no,en
187,ONE,no,no,en
183,ONE,no,no,en
133,ONE,yes,no,en
252,ONE,yes,no,en
164,ONE,yes,no,en
106,ONE,yes,no,en
291,ONE,yes,no,en
44,ONE,yes,no,en
41,ONE,yes,no,en
184,ONE,yes,no,en
269,ONE,yes,no,en
262,ONE,yes,no,en
282,ONE,yes,no,en
276,ONE,yes,no,en
276,ONE,yes,no,en
276,ONE,yes,no,en
276,ONE,yes,no,en
275,ONE,yes,no,en
275,ONE,yes,no,en
275,ONE,yes,no,en
275,ONE,yes,no,en
274,ONE,yes,no,en
274,ONE,yes,no,en
274,ONE,yes,no,en
274,ONE,yes,no,en
273,ONE,yes,no,en
273,ONE,yes,no,en
273,ONE,yes,no,en
273,ONE,yes,no,en
272,ONE,yes,no,en
272,ONE,yes,no,en
272,ONE,yes,no,en
272,ONE,yes,no,en
297,ONE,no,no,en
292,ONE,no,no,en
296,ONE,no,no,en
295,ONE,no,no,en
292,ONE,no,no,en
291,ONE,no,no,en
321,ONE,no,no,en
290,ONE,no,no,en
290,ONE,no,no,en
287,ONE,no,no,en
285,ONE,no,no,en
267,ONE,no,no,en
264,ONE,no,no,en
266,ONE,no,no,en
270,ONE,no,no,en
263,ONE,no,no,en
264,ONE,no,no,en
276,ONE,no,no,en
276,ONE,no,no,en
276,ONE,no,no,en
276,ONE,no,no,en
275,ONE,no,no,en
275,ONE,no,no,en
275,ONE,no,no,en
275,ONE,no,no,en
274,ONE,no,no,en
274,ONE,no,no,en
274,ONE,no,no,en
274,ONE,no,no,en
273,ONE,no,no,en
273,ONE,no,no,en
273,ONE,no,no,en
273,ONE,no,no,en
272,ONE,no,no,en
272,ONE,no,no,en
272,ONE,no,no,en
272,ONE,no,no,en
72,NPH,no,yes,en
18,MUL,yes,no,en
386,MOM,yes,no,en
27,MOM,yes,no,en
131,MOM,yes,no,en
210,MOM,yes,no,en
159,MOM,yes,no,en
120,MOM,yes,no,en
34,MOM,yes,no,en
176,MOM,yes,no,en
274,MOM,yes,no,en
281,MOM,yes,no,en
281,MOM,yes,no,en
281,MOM,yes,no,en
281,MOM,yes,no,en
280,MOM,yes,no,en
280,MOM,yes,no,en
280,MOM,yes,no,en
280,MOM,yes,no,en
279,MOM,yes,no,en
279,MOM,yes,no,en
279,MOM,yes,no,en
279,MOM,yes,no,en
278,MOM,yes,no,en
278,MOM,yes,no,en
278,MOM,yes,no,en
278,MOM,yes,no,en
289,MOM,no,no,en
286,MOM,no,no,en
290,MOM,no,no,en
273,MOM,no,no,en
270,MOM,no,no,en
281,MOM,no,no,en
281,MOM,no,no,en
281,MOM,no,no,en
281,MOM,no,no,en
280,MOM,no,no,en
280,MOM,no,no,en
280,MOM,no,no,en
280,MOM,no,no,en
280,MOM,no,no,en
279,MOM,no,no,en
279,MOM,no,no,en
279,MOM,no,no,en
279,MOM,no,no,en
278,MOM,no,no,en
278,MOM,no,no,en
278,MOM,no,no,en
278,MOM,no,no,en
277,MOM,no,no,en
277,MOM,no,no,en
277,MOM,no,no,en
277,MOM,no,no,en
114,MOM,no,no,en
83,MOM,no,no,en
93,MOM,no,no,en
326,MOM,no,no,en
306,MOM,no,no,en
65,MOM,no,no,en
135,MOM,no,no,en
40,MOM,no,no,en
218,MOM,no,no,en
135,MOM,no,no,en
62,MOM,no,no,en
49,MOM,no,no,en
141,MOM,no,no,en
71,MOM,no,no,en
242,MOM,no,no,en
181,MOM,no,no,en
31,MOM,no,no,en
21,MOM,no,no,en
165,MOM,no,no,en
243,MOM,no,no,en
233,MOM,no,no,en
189,MOM,no,no,en
247,MOM,no,no,en
138,MOM,no,no,en
240,MOM,no,no,en
159,MOM,no,no,en
48,MOM,no,no,en
231,MOM,no,no,en
151,MOM,no,no,en
139,MOM,no,no,en
166,MOM,no,no,en
95,MOM,no,no,en
233,MOM,no,no,en
44,MOM,no,no,en
253,MOM,no,no,en
119,MOM,no,no,en
124,MOM,no,no,en
207,MOM,no,no,en
236,MOM,no,no,en
47,MOM,no,no,en
57,MOM,no,no,en
69,MOM,no,no,en
100,MOM,no,no,en
72,MOM,no,no,en
54,MOM,no,no,en
91,MOM,no,no,en
88,MOM,no,no,en
34,MOM,no,no,en
59,MOM,no,no,en
262,MOM,no,no,en
18,MOM,no,no,en
324,MOM,no,no,en
154,MOM,no,no,en
2,MOM,no,no,en
15,MOM,no,no,en
43,MOM,no,no,en
101,MOM,no,no,en
4,MOM,no,no,en
167,MOM,no,no,en
7,MOM,no,no,en
142,MOM,no,no,en
97,MOM,no,no,en
195,MOM,no,no,en
153,MOM,no,no,en
180,MOM,no,no,en
39,MOM,no,no,en
177,MOM,no,no,en
43,MOM,no,no,en
79,MOM,no,no,en
68,MOM,no,no,en
87,MOM,no,no,en
56,MOM,no,no,en
2,ZNC,yes,no,en
142,ZNC,yes,no,en
140,ZNC,yes,no,en
139,ZNC,yes,no,en
136,ZNC,yes,no,en
135,ZNC,yes,no,en
134,ZNC,yes,no,en
132,ZNC,yes,no,en
131,ZNC,yes,no,en
130,ZNC,yes,no,en
129,ZNC,yes,no,en
125,ZNC,yes,no,en
124,ZNC,yes,no,en
123,ZNC,yes,no,en
122,ZNC,yes,no,en
121,ZNC,yes,no,en
120,ZNC,yes,no,en
117,ZNC,yes,no,en
116,ZNC,yes,no,en
106,ZNC,yes,no,en
105,ZNC,yes,no,en
104,ZNC,yes,no,en
102,ZNC,yes,no,en
95,ZNC,yes,no,en
91,ZNC,yes,no,en
137,ZNC,yes,no,en
119,ZNC,yes,no,en
97,ZNC,yes,no,en
94,ZNC,yes,no,en
93,ZNC,yes,no,en
86,ZNC,yes,no,en
84,ZNC,yes,no,en
80,ZNC,yes,no,en
79,ZNC,yes,no,en
77,ZNC,yes,no,en
76,ZNC,yes,no,en
75,ZNC,yes,no,en
74,ZNC,yes,no,en
58,ZNC,yes,no,en
22,ZNC,yes,no,en
21,ZNC,yes,no,en
19,ZNC,yes,no,en
17,ZNC,yes,no,en
16,ZNC,yes,no,en
15,ZNC,yes,no,en
10,ZNC,yes,no,en
6,ZNC,yes,no,en
3,ZNC,yes,no,en
88,ZNC,yes,no,en
87,ZNC,yes,no,en
85,ZNC,yes,no,en
83,ZNC,yes,no,en
82,ZNC,yes,no,en
81,ZNC,yes,no,en
78,ZNC,yes,no,en
73,ZNC,yes,no,en
72,ZNC,yes,no,en
71,ZNC,yes,no,en
70,ZNC,yes,no,en
69,ZNC,yes,no,en
68,ZNC,yes,no,en
67,ZNC,yes,no,en
66,ZNC,yes,no,en
65,ZNC,yes,no,en
64,ZNC,yes,no,en
63,ZNC,yes,no,en
62,ZNC,yes,no,en
61,ZNC,yes,no,en
60,ZNC,yes,no,en
59,ZNC,yes,no,en
20,ZNC,yes,no,en
18,ZNC,yes,no,en
14,ZNC,yes,no,en
13,ZNC,yes,no,en
12,ZNC,yes,no,en
11,ZNC,yes,no,en
9,ZNC,yes,no,en
229,ZNR,no,no,en
201,ZNR,no,no,en
384,ZNR,no,no,en
384,ZNR,no,no,en
384,ZNR,no,no,en
384,ZNR,no,no,en
384,ZNR,no,no,en
384,ZNR,no,no,en
384,ZNR,no,no,en
384,ZNR,no,no,en
384,ZNR,no,no,en
384,ZNR,no,no,en
383,ZNR,no,no,en
383,ZNR,no,no,en
383,ZNR,no,no,en
383,ZNR,no,no,en
380,ZNR,no,no,en
380,ZNR,no,no,en
380,ZNR,no,no,en
380,ZNR,no,no,en
380,ZNR,no,no,en
380,ZNR,no,no,en
380,ZNR,no,no,en
20,THB,no,no,en
251,THB,no,no,en
13,THB,no,no,en
172,THB,no,no,en
91,THB,no,no,en
42,THB,no,no,en
241,THB,no,no,en
173,THB,no,no,en
111,THB,no,no,en
46,THB,no,no,en
22,THB,no,no,en
202,THB,no,no,en
114,THB,no,no,en
49,THB,no,no,en
322,THB,no,no,en
272,THB,no,no,en
264,THB,no,no,en
338,THB,yes,no,en
250,THB,yes,no,en
253,THB,yes,no,en
263,THB,yes,no,en
102,THB,yes,no,en
27,THB,yes,no,en
34,THB,yes,no,en
114,THB,yes,no,en
192,THB,yes,no,en
54,THB,yes,no,en
282,THB,yes,no,en
137,THB,yes,no,en
51,THB,yes,no,en
49,ONC,no,no,en
387,ONE,no,no,en
325,ONE,no,no,en
285,ONE,no,no,en
263,ONE,yes,no,en
246,ONE,yes,no,en
439,ONE,yes,no,en
310,ONE,yes,no,en
49,ONE,yes,no,en
13,ONE,yes,no,en
141,ONE,yes,no,en
182,ONE,yes,no,en
69,ONE,yes,no,en
234,ONE,yes,no,en
291,ONE,yes,no,en
444,DMR,no,no,en
355,DMR,no,no,en
269,DMR,no,no,en
385,DMR,no,no,en
121,DMR,yes,no,en
453,DMR,yes,no,en
150,DMR,yes,no,en
18,DMR,yes,no,en
172,DMR,yes,no,en
137,DMR,yes,no,en
107,DMR,yes,no,en
42,DMR,yes,no,en
105,DMR,yes,no,en
411,DMR,yes,no,en
281,DMR,yes,no,en
71,NEC,no,no,en
330,NEO,no,no,en
455,NEO,no,no,en
333,NEO,no,no,en
317,NEO,no,no,en
293,NEO,yes,no,en
349,NEO,yes,no,en
113,NEO,yes,no,en
346,NEO,yes,no,en
318,NEO,yes,no,en
152,NEO,yes,no,en
55,NEO,yes,no,en
157,NEO,yes,no,en
264,NEO,yes,no,en
252,NEO,yes,no,en
1,H1R,yes,no,en
326,MH2,no,no,en
457,MH2,no,no,en
329,MH2,no,no,en
385,MH2,yes,no,en
400,MH2,yes,no,en
421,MH2,yes,no,en
369,MH2,yes,no,en
487,MH2,yes,no,en
150,MH2,yes,no,en
45,MH2,yes,no,en
21,MH2,yes,no,en
40,MH2,yes,no,en
193,MH2,yes,no,en
101,MH2,yes,no,en
309,LTR,yes,no,en
280,LTR,no,no,en
274,LTR,no,no,en
273,LTR,no,no,en
265,LTR,no,no,en
271,LTR,no,no,en
262,LTR,no,no,en
74,LTR,no,no,en
188,LTR,no,no,en
157,LTR,no,no,en
31,LTR,no,no,en
64,LTR,no,no,en
122,LTR,no,no,en
48,LTR,no,no,en
150,LTR,no,no,en
155,LTR,no,no,en
73,LTR,no,no,en
74,LTR,no,no,en
73,LTR,no,no,en
122,LTR,no,no,en
59,LTR,no,no,en
67,LTR,no,no,en
137,LTR,no,no,en
46,LTR,no,no,en
51,LTR,no,no,en
41,LTR,no,no,en
57,LTR,no,no,en
126,LTR,no,no,en
39,LTR,no,no,en
57,LTR,no,no,en
43,LTR,no,no,en
54,LTR,no,no,en
70,LTR,no,no,en
208,LTR,no,no,en
251,LTR,no,no,en
238,LTR,no,no,en
243,LTR,no,no,en
142,LTR,no,no,en
146,LTR,no,no,en
147,LTR,no,no,en
53,LTR,no,no,en
53,LTR,no,no,en
45,LTR,no,no,en
45,LTR,no,no,en
150,LTR,no,no,en
74,LTR,no,no,en
147,LTR,no,no,en
97,LTR,no,no,en
112,LTR,no,no,en
187,LTR,no,no,en
159,LTR,no,no,en
14,LTR,no,no,en
175,LTR,no,no,en
108,LTR,no,no,en
139,LTR,no,no,en
182,LTR,no,no,en
90,LTR,no,no,en
35,LTR,no,no,en
53,LTR,no,no,en
178,LTR,no,no,en
144,LTR,no,no,en
1,LTR,no,no,en
116,LTR,no,no,en
126,LTR,no,no,en
429,LTR,no,no,en
432,LTR,no,no,en
199,LTR,no,no,en
44,LTR,no,no,en
119,LTR,no,no,en
119,LTR,no,no,en
259,LTR,no,no,en
256,LTR,no,no,en
31,DMC,no,no,en
369,DMU,no,no,en
293,DMU,no,no,en
412,DMU,no,no,en
421,DMU,yes,no,en
32,DMU,yes,no,en
310,DMU,yes,no,en
364,DMU,yes,no,en
86,DMU,yes,no,en
14,DMU,yes,no,en
161,DMU,yes,no,en
22,DMU,yes,no,en
128,DMU,yes,no,en
31,DMU,yes,no,en
281,DMU,yes,no,en
299,DMR,no,no,en
450,DMR,no,no,en
287,DMR,no,no,en
312,DMR,no,no,en
110,DMR,yes,no,en
455,DMR,yes,no,en
53,DMR,yes,no,en
176,DMR,yes,no,en
130,DMR,yes,no,en
29,DMR,yes,no,en
33,DMR,yes,no,en
79,DMR,yes,no,en
235,DMR,yes,no,en
407,DMR,yes,no,en
291,DMR,yes,no,en
871,CLB,no,no,en
204,C19,no,no,en
151,MM2,no,no,en
166,MH2,no,no,en
323,MH2,no,no,en
242,UNF,no,no,en
242,UNF,no,no,en
242,UNF,no,no,en
242,UNF,no,no,en
242,UNF,no,no,en
240,UNF,no,no,en
240,UNF,no,no,en
240,UNF,no,no,en
240,UNF,no,no,en
240,UNF,no,no,en
243,UNF,no,no,en
243,UNF,no,no,en
243,UNF,no,no,en
243,UNF,no,no,en
243,UNF,no,no,en
241,UNF,no,no,en
241,UNF,no,no,en
241,UNF,no,no,en
241,UNF,no,no,en
241,UNF,no,no,en
244,UNF,no,no,en
244,UNF,no,no,en
244,UNF,no,no,en
244,UNF,no,no,en
244,UNF,no,no,en
267,LTR,yes,no,en
274,LTR,yes,no,en
11,LTR,yes,no,en
28,LTR,yes,no,en
265,LTR,no,no,en
264,LTR,no,no,en
255,LTR,no,no,en
276,LTR,no,no,en
274,LTR,no,no,en
272,LTR,no,no,en
275,LTR,no,no,en
192,LTR,no,no,en
52,LTR,no,no,en
2,LTR,no,no,en
230,LTR,no,no,en
160,LTR,no,no,en
4,LTR,no,no,en
338,LTR,no,no,en
27,LTR,no,no,en
445,LTR,no,no,en
440,LTR,no,no,en
414,LTR,no,no,en
22,LTR,no,no,en
88,LTR,no,no,en
56,LTR,no,no,en
140,LTR,no,no,en
83,LTR,no,no,en
242,LTR,no,no,en
154,LTR,no,no,en
31,LTR,no,no,en
86,LTR,no,no,en
177,LTR,no,no,en
221,LTR,no,no,en
1,LTR,no,no,en
144,LTR,no,no,en
150,LTR,no,no,en
76,LTR,no,no,en
8,LTR,no,no,en
185,LTR,no,no,en
98,LTR,no,no,en
105,LTR,no,no,en
51,LTR,no,no,en
178,LTR,no,no,en
24,LTR,no,no,en
16,LTR,no,no,en
32,LTR,no,no,en
197,LTR,no,no,en
190,LTR,no,no,en
30,LTR,no,no,en
8,LTR,no,no,en
33,LTR,no,no,en
29,LTR,no,no,en
176,LTR,no,no,en
180,LTR,no,no,en
155,LTR,no,no,en
22,LTR,no,no,en
29,LTR,no,no,en
185,LTR,no,no,en
174,LTR,no,no,en
13,LTR,no,no,en
8,LTR,no,no,en
48,LTR,no,no,en
8,LTR,no,no,en
243,LTR,no,no,en
57,LTR,no,no,en
127,LTR,no,no,en
233,LTR,no,no,en
194,LTR,no,no,en
39,LTR,no,no,en
6,LTR,no,no,en
188,LTR,no,no,en
35,LTR,no,no,en
175,LTR,no,no,en
146,UNF,no,no,en
697,CMM,no,no,en
744,CMM,no,no,en
631,CMM,no,no,en
703,CMM,no,no,en
628,CMM,no,no,en
642,CMM,no,no,en
641,CMM,no,no,en
661,CMM,no,no,en
649,CMM,no,no,en
648,CMM,no,no,en
231,CMM,no,no,en
289,CMM,no,no,en
176,CMM,no,no,en
316,CMM,no,no,en
197,CMM,no,no,en
60,CMM,no,no,en
68,CMM,no,no,en
275,CMM,no,no,en
414,CMM,no,no,en
382,CMM,no,no,en
129,CMM,no,no,en
201,CMM,no,no,en
339,CMM,no,no,en
41,CMM,no,no,en
8,CMM,no,no,en
15,CMM,no,no,en
23,CMM,no,no,en
38,CMM,no,no,en
23,CMM,no,no,en
286,CMM,no,no,en
20,CMM,no,no,en
22,CMM,no,no,en
35,CMM,no,no,en
356,CMM,no,no,en
261,CMM,no,no,en
18,CMM,no,no,en
266,CMM,no,no,en
201,CMM,no,no,en
158,CMM,no,no,en
145,CMM,no,no,en
166,CMM,no,no,en
163,CMM,no,no,en
417,CMM,no,no,en
182,CMM,no,no,en
190,CMM,no,no,en
297,CMM,no,no,en
9,CMM,no,no,en
203,CMM,no,no,en
390,CMM,no,no,en
114,CMM,no,no,en
64,CMM,no,no,en
154,CMM,no,no,en
328,CMM,no,no,en
282,CMM,no,no,en
63,CMM,no,no,en
12,CMM,no,no,en
67,CMM,no,no,en
418,CMM,no,no,en
288,CMM,no,no,en
278,CMM,no,no,en
9,CMM,no,no,en
314,CMM,no,no,en
25,CMM,no,no,en
48,CMM,no,no,en
66,CMM,no,no,en
12,CMM,no,no,en
385,CMM,no,no,en
64,CMM,no,no,en
282,CMM,no,no,en
323,CMM,no,no,en
12,CMM,no,no,en
58,CMM,no,no,en
44,CMM,no,no,en
404,CMM,no,no,en
19,CMM,no,no,en
403,CMM,no,no,en
1,CMM,no,no,en
170,CMM,no,no,en
143,CMM,no,no,en
417,CMM,no,no,en
374,CMM,no,no,en
17,CMM,no,no,en
425,CMM,no,no,en
421,CMM,no,no,en
430,CMM,no,no,en
431,CMM,no,no,en
431,CMM,no,no,en
433,CMM,no,no,en
445,CMM,no,no,en
450,CMM,no,no,en
695,CMM,yes,no,en
483,CMM,yes,no,en
1067,CMM,yes,no,en
197,CMM,yes,no,en
687,CMM,yes,no,en
164,CMM,yes,no,en
315,CMM,yes,no,en
138,CMM,yes,no,en
264,CMM,yes,no,en
175,CMM,yes,no,en
86,CMM,yes,no,en
43,CMM,yes,no,en
256,CMM,yes,no,en
25,CMM,yes,no,en
445,CMM,yes,no,en
677,CMM,no,no,en
624,CMM,yes,no,en
707,CMM,yes,no,en
782,CMM,yes,no,en
711,CMM,yes,no,en
989,CMM,no,no,en
991,CMM,no,no,en
993,CMM,no,no,en
1005,CMM,no,no,en
1020,CMM,no,no,en
1026,CMM,no,no,en
1032,CMM,no,no,en
1036,CMM,no,no,en
1038,CMM,no,no,en
419,CMM,no,no,en
420,CMM,no,no,en
423,CMM,no,no,en
997,CMM,no,no,en
1002,CMM,no,no,en
1006,CMM,no,no,en
1012,CMM,no,no,en
1014,CMM,no,no,en
1016,CMM,no,no,en
1017,CMM,no,no,en
1021,CMM,no,no,en
1024,CMM,no,no,en
1025,CMM,no,no,en
1029,CMM,no,no,en
1030,CMM,no,no,en
1050,CMM,no,no,en
786,CMM,no,no,en
786,CMM,no,no,en
789,CMM,no,no,en
789,CMM,no,no,en
793,CMM,no,no,en
793,CMM,no,no,en
796,CMM,no,no,en
796,CMM,no,no,en
799,CMM,no,no,en
799,CMM,no,no,en
799,CMM,no,no,en
860,CMM,no,no,en
861,CMM,no,no,en
863,CMM,no,no,en
871,CMM,no,no,en
873,CMM,no,no,en
874,CMM,no,no,en
877,CMM,no,no,en
878,CMM,no,no,en
882,CMM,no,no,en
883,CMM,no,no,en
889,CMM,no,no,en
894,CMM,no,no,en
896,CMM,no,no,en
900,CMM,no,no,en
903,CMM,no,no,en
904,CMM,no,no,en
907,CMM,no,no,en
913,CMM,no,no,en
914,CMM,no,no,en
920,CMM,no,no,en
923,CMM,no,no,en
924,CMM,no,no,en
925,CMM,no,no,en
927,CMM,no,no,en
932,CMM,no,no,en
953,CMM,no,no,en
970,CMM,no,no,en
994,CMM,no,no,en
724,CMM,no,no,en
727,CMM,no,no,en
728,CMM,no,no,en
733,CMM,no,no,en
734,CMM,no,no,en
736,CMM,no,no,en
740,CMM,no,no,en
741,CMM,no,no,en
815,CMM,no,no,en
817,CMM,no,no,en
825,CMM,no,no,en
849,CMM,no,no,en
857,CMM,no,no,en
862,CMM,no,no,en
870,CMM,no,no,en
881,CMM,no,no,en
887,CMM,no,no,en
901,CMM,no,no,en
909,CMM,no,no,en
919,CMM,no,no,en
922,CMM,no,no,en
937,CMM,no,no,en
955,CMM,no,no,en
982,CMM,no,no,en
367,CMM,no,no,en
382,CMM,no,no,en
410,CMM,no,no,en
818,CMM,no,no,en
835,CMM,no,no,en
837,CMM,no,no,en
845,CMM,no,no,en
846,CMM,no,no,en
855,CMM,no,no,en
859,CMM,no,no,en
138,SNC,yes,no,en
236,SNC,yes,no,en
49,SNC,yes,no,en
249,SNC,yes,no,en
1,SNC,yes,no,en
169,SNC,yes,no,en
280,SNC,yes,no,en
302,SNC,yes,no,en
232,SNC,yes,no,en
291,SNC,yes,no,en
426,SNC,no,no,en
311,SNC,no,no,en
321,SNC,no,no,en
350,SNC,no,no,en
181,NCC,no,no,en
136,BNG,no,no,en
49,BNG,no,no,en
78,BNG,no,no,en
89,BNG,no,no,en
20,BNG,no,no,en
67,BNG,no,no,en
21,BNG,no,no,en
134,BNG,no,no,en
60,BNG,no,no,en
71,BNG,no,no,en
43,BNG,no,no,en
101,BNG,no,no,en
26,BNG,no,no,en
113,BNG,yes,no,en
95,ISD,no,no,en
124,ISD,no,no,en
202,ISD,no,no,en
24,ISD,no,no,en
167,ISD,no,no,en
197,ISD,no,no,en
120,ISD,no,no,en
146,ISD,no,no,en
196,ISD,no,no,en
133,ISD,no,no,en
16,ISD,no,no,en
109,ISD,no,no,en
47,ISD,yes,no,en
81,LTR,no,no,en
47,LTR,no,no,en
35,LTR,no,no,en
161,LTR,no,no,en
118,LTR,no,no,en
98,LTR,no,no,en
135,LTR,no,no,en
414,LTR,no,no,en
188,LTR,no,no,en
109,LTR,no,no,en
116,LTR,no,no,en
55,LTR,no,no,en
194,LTR,no,no,en
132,LTR,no,no,en
271,LTR,no,no,en
14,MUL,no,no,en
87,TSR,no,no,en
87,TSR,no,no,en
87,TSR,no,no,en
87,TSR,no,no,en
65,TSR,no,no,en
65,TSR,no,no,en
65,TSR,no,no,en
65,TSR,no,no,en
71,SNC,no,no,en
71,SNC,no,no,en
71,SNC,no,no,en
71,SNC,no,no,en
106,ONE,no,no,en
106,ONE,no,no,en
339,MH2,no,no,en
339,MH2,no,no,en
339,MH2,no,no,en
339,MH2,no,no,en
101,MOM,no,no,en
101,MOM,no,no,en
101,MOM,no,no,en
54,NEO,no,no,en
54,NEO,no,no,en
104,VOW,no,no,en
104,VOW,no,no,en
104,IMA,no,no,en
104,IMA,no,no,en
104,IMA,no,no,en
104,IMA,no,no,en
93,2X2,no,no,en
93,2X2,no,no,en
93,2X2,no,no,en
79,M12,no,no,en
79,M12,no,no,en
79,M12,no,no,en
370,STX,no,no,en
370,STX,no,no,en
370,STX,no,no,en
371,STX,no,no,en
371,STX,no,no,en
371,STX,no,no,en
371,STX,no,no,en
371,STX,no,no,en
371,STX,no,no,en
371,STX,no,no,en
371,STX,no,no,en
371,STX,no,no,en
291,RAV,no,no,en
294,RAV,no,no,en
291,RAV,no,no,en
291,RAV,no,no,en
267,XLN,no,no,en
267,XLN,no,no,en
266,XLN,no,no,en
266,XLN,no,no,en
234,M10,no,no,en
237,M13,no,no,en
235,M14,no,no,en
287,SHM,no,no,en
251,MH2,no,no,en
253,MH2,no,no,en
256,MH2,no,no,en
253,MH2,no,no,en
239,MH2,no,no,en
51,MH2,no,no,en
190,MH2,no,no,en
222,MH2,no,no,en
101,MH2,no,no,en
147,MH2,no,no,en
18,MH2,no,no,en
65,MH2,no,no,en
146,MH2,no,no,en
152,MH2,no,no,en
107,MH2,no,no,en
38,MH2,no,no,en
226,MH2,no,no,en
62,MH2,no,no,en
57,MH2,no,no,en
167,MH2,no,no,en
168,MH2,no,no,en
154,MH2,no,no,en
154,MH2,no,no,en
154,MH2,no,no,en
159,MH2,no,no,en
128,MH2,no,no,en
146,MH2,no,no,en
351,MH2,no,no,en
111,MH2,no,no,en
20,MH2,no,no,en
112,MH2,no,no,en
222,MH2,no,no,en
3,MH2,no,no,en
111,MH2,no,no,en
3,MH2,no,no,en
146,MH2,no,no,en
230,MH2,no,no,en
13,MH2,no,no,en
222,MH2,no,no,en
17,MH2,no,no,en
134,MH2,no,no,en
196,MH2,no,no,en
112,MH2,no,no,en
4,MH2,no,no,en
300,MH2,no,no,en
119,MH2,no,no,en
48,MH2,no,no,en
284,MH2,no,no,en
14,MH2,no,no,en
130,MH2,no,no,en
1,MH2,no,no,en
119,MH2,no,no,en
404,MH2,no,no,en
220,MH2,no,no,en
350,MH2,no,no,en
113,MH2,no,no,en
299,MH2,no,no,en
262,MH2,no,no,en
118,MH2,no,no,en
148,MH2,no,no,en
4,AFR,no,no,en
467,SNC,no,no,en
165,SNC,no,no,en
109,LTR,yes,no,en
72,LTR,no,no,en
427,LTR,no,no,en
212,LTR,no,no,en
204,LTR,no,no,en
129,LTR,no,no,en
12,LTR,no,no,en
57,LTR,no,no,en
127,LTR,no,no,en
25,LTR,no,no,en
11,LTR,no,no,en
279,LTR,no,no,en
137,M13,no,no,en
186,M13,no,no,en
35,M13,no,no,en
121,M13,no,no,en
11,M13,no,no,en
160,M13,no,no,en
144,M13,no,no,en
94,M13,no,no,en
66,M13,no,no,en
5,M13,no,no,en
201,M13,no,no,en
212,M13,no,no,en
31,M13,no,no,en
221,M13,no,no,en
6,FRF,no,no,en
39,FRF,no,no,en
85,FRF,no,no,en
154,FRF,no,no,en
4,FRF,no,no,en
37,FRF,no,no,en
128,FRF,no,no,en
106,FRF,no,no,en
124,FRF,no,no,en
115,FRF,no,no,en
18,FRF,no,no,en
125,FRF,no,no,en
40,FRF,no,no,en
137,FRF,no,no,en
173,FRF,no,no,en
148,DTK,no,no,en
32,DTK,no,no,en
105,DTK,no,no,en
139,DTK,no,no,en
179,DTK,no,no,en
64,DTK,no,no,en
122,DTK,no,no,en
205,DTK,no,no,en
67,DTK,no,no,en
236,DTK,no,no,en
12,DTK,no,no,en
134,DTK,no,no,en
39,DTK,no,no,en
212,DTK,no,no,en
255,DTK,no,no,en
150,EMN,no,no,en
173,EMN,no,no,en
89,EMN,no,no,en
151,EMN,no,no,en
32,EMN,no,no,en
74,EMN,no,no,en
144,EMN,no,no,en
25,EMN,no,no,en
101,EMN,no,no,en
79,EMN,no,no,en
50,EMN,no,no,en
136,EMN,no,no,en
63,EMN,no,no,en
130a,EMN,no,no,en
240,CMR,no,no,en
210,CMR,no,no,en
77,CMR,no,no,en
299,CMR,no,no,en
196,CMR,no,no,en
101,CMR,no,no,en
203,CMR,no,no,en
215,CMR,no,no,en
151,CMR,no,no,en
309,CMR,no,no,en
51,CMR,no,no,en
53,CMR,no,no,en
353,CMR,no,no,en
181,CMR,no,no,en
106,CMR,no,no,en
180,CMR,no,no,en
27,CMR,no,no,en
291,CMR,no,no,en
189,CMR,no,no,en
312,CMR,yes,no,en
890,CMM,no,no,en
865,CMM,no,no,en
892,CMM,no,no,en
893,CMM,no,no,en
926,CMM,no,no,en
958,CMM,no,no,en
344,CMM,no,no,en
836,CMM,no,no,en
938,CMM,no,no,en
416,DMR,no,no,en
462,MH2,no,no,en
237,C15,no,no,en
243,WOE,no,no,en
246,WOE,no,no,en
246,WOE,no,no,en
250,WOE,no,no,en
250,WOE,no,no,en
249,WOE,no,no,en
249,WOE,no,no,en
256,WOE,no,no,en
254,WOE,no,no,en
254,WOE,no,no,en
191,WOE,no,no,en
196,WOE,no,no,en
182,WOE,no,no,en
167,WOE,no,no,en
194,WOE,no,no,en
196,WOE,no,no,en
192,WOE,no,no,en
177,WOE,no,no,en
185,WOE,no,no,en
185,WOE,no,no,en
189,WOE,no,no,en
189,WOE,no,no,en
186,WOE,no,no,en
186,WOE,no,no,en
186,WOE,no,no,en
192,WOE,no,no,en
196,WOE,no,no,en
170,WOE,no,no,en
173,WOE,no,no,en
165,WOE,no,no,en
170,WOE,no,no,en
196,WOE,no,no,en
174,WOE,no,no,en
182,WOE,no,no,en
192,WOE,no,no,en
173,WOE,no,no,en
165,WOE,no,no,en
194,WOE,no,no,en
189,WOE,no,no,en
177,WOE,no,no,en
174,WOE,no,no,en
196,WOE,no,no,en
194,WOE,no,no,en
170,WOE,no,no,en
167,WOE,no,no,en
179,WOE,no,no,en
162,WOE,no,no,en
181,WOE,no,no,en
186,WOE,no,no,en
191,WOE,no,no,en
185,WOE,no,no,en
161,WOE,no,no,en
166,WOE,no,no,en
128,WOE,no,no,en
135,WOE,no,no,en
158,WOE,no,no,en
144,WOE,no,no,en
147,WOE,no,no,en
122,WOE,no,no,en
122,WOE,no,no,en
156,WOE,no,no,en
133,WOE,no,no,en
130,WOE,no,no,en
125,WOE,no,no,en
125,WOE,no,no,en
138,WOE,no,no,en
141,WOE,no,no,en
133,WOE,no,no,en
133,WOE,no,no,en
131,WOE,no,no,en
121,WOE,no,no,en
131,WOE,no,no,en
122,WOE,no,no,en
134,WOE,no,no,en
149,WOE,no,no,en
126,WOE,no,no,en
144,WOE,no,no,en
138,WOE,no,no,en
133,WOE,no,no,en
147,WOE,no,no,en
134,WOE,no,no,en
149,WOE,no,no,en
133,WOE,no,no,en
147,WOE,no,no,en
138,WOE,no,no,en
141,WOE,no,no,en
131,WOE,no,no,en
153,WOE,no,no,en
135,WOE,no,no,en
126,WOE,no,no,en
144,WOE,no,no,en
128,WOE,no,no,en
158,WOE,no,no,en
122,WOE,no,no,en
125,WOE,no,no,en
130,WOE,no,no,en
156,WOE,no,no,en
140,WOE,no,no,en
121,WOE,no,no,en
83,WOE,no,no,en
88,WOE,no,no,en
118,WOE,no,no,en
88,WOE,no,no,en
92,WOE,no,no,en
81,WOE,no,no,en
109,WOE,no,no,en
92,WOE,no,no,en
103,WOE,no,no,en
116,WOE,no,no,en
116,WOE,no,no,en
117,WOE,no,no,en
105,WOE,no,no,en
101,WOE,no,no,en
81,WOE,no,no,en
81,WOE,no,no,en
111,WOE,no,no,en
100,WOE,no,no,en
100,WOE,no,no,en
103,WOE,no,no,en
110,WOE,no,no,en
101,WOE,no,no,en
101,WOE,no,no,en
92,WOE,no,no,en
83,WOE,no,no,en
92,WOE,no,no,en
91,WOE,no,no,en
105,WOE,no,no,en
100,WOE,no,no,en
83,WOE,no,no,en
104,WOE,no,no,en
109,WOE,no,no,en
81,WOE,no,no,en
95,WOE,no,no,en
84,WOE,no,no,en
103,WOE,no,no,en
116,WOE,no,no,en
118,WOE,no,no,en
117,WOE,no,no,en
111,WOE,no,no,en
109,WOE,no,no,en
81,WOE,no,no,en
106,WOE,no,no,en
101,WOE,no,no,en
88,WOE,no,no,en
92,WOE,no,no,en
59,WOE,no,no,en
43,WOE,no,no,en
57,WOE,no,no,en
68,WOE,no,no,en
54,WOE,no,no,en
4,WOE,no,no,en
54,WOE,no,no,en
77,WOE,no,no,en
59,WOE,no,no,en
77,WOE,no,no,en
75,WOE,no,no,en
71,WOE,no,no,en
65,WOE,no,no,en
62,WOE,no,no,en
62,WOE,no,no,en
69,WOE,no,no,en
69,WOE,no,no,en
61,WOE,no,no,en
60,WOE,no,no,en
62,WOE,no,no,en
40,WOE,no,no,en
54,WOE,no,no,en
60,WOE,no,no,en
54,WOE,no,no,en
50,WOE,no,no,en
68,WOE,no,no,en
57,WOE,no,no,en
62,WOE,no,no,en
61,WOE,no,no,en
40,WOE,no,no,en
46,WOE,no,no,en
50,WOE,no,no,en
58,WOE,no,no,en
68,WOE,no,no,en
57,WOE,no,no,en
62,WOE,no,no,en
61,WOE,no,no,en
67,WOE,no,no,en
65,WOE,no,no,en
69,WOE,no,no,en
63,WOE,no,no,en
77,WOE,no,no,en
59,WOE,no,no,en
71,WOE,no,no,en
43,WOE,no,no,en
75,WOE,no,no,en
18,WOE,no,no,en
37,WOE,no,no,en
17,WOE,no,no,en
24,WOE,no,no,en
17,WOE,no,no,en
27,WOE,no,no,en
24,WOE,no,no,en
18,WOE,no,no,en
28,WOE,no,no,en
20,WOE,no,no,en
3,WOE,no,no,en
3,WOE,no,no,en
6,WOE,no,no,en
4,WOE,no,no,en
6,WOE,no,no,en
36,WOE,no,no,en
20,WOE,no,no,en
3,WOE,no,no,en
32,WOE,no,no,en
32,WOE,no,no,en
28,WOE,no,no,en
4,WOE,no,no,en
3,WOE,no,no,en
18,WOE,no,no,en
27,WOE,no,no,en
20,WOE,no,no,en
22,WOE,no,no,en
18,WOE,no,no,en
27,WOE,no,no,en
2,WOE,no,no,en
14,WOE,no,no,en
5,WOE,no,no,en
32,WOE,no,no,en
4,WOE,no,no,en
26,WOE,no,no,en
6,WOE,no,no,en
17,WOE,no,no,en
3,WOE,no,no,en
24,WOE,no,no,en
36,WOE,no,no,en
14,WOE,no,no,en
2,WOE,no,no,en
5,WOE,no,no,en
8,WOE,no,no,en
37,WOE,no,no,en
29,WOE,no,no,en
28,WOE,no,no,en
191,M11,no,yes,en
117,MIR,no,yes,en
241,WOE,no,no,en
10,WOE,no,no,en
12,WOE,no,no,en
15,WOE,no,no,en
23,WOE,no,no,en
9,WOE,no,no,en
11,WOE,no,no,en
10,WOE,no,no,en
9,WOE,no,no,en
33,WOE,no,no,en
15,WOE,no,no,en
308,WOE,no,no,en
19,WOE,no,no,en
7,WOE,no,no,en
30,WOE,no,no,en
11,WOE,no,no,en
9,WOE,no,no,en
10,WOE,no,no,en
236,WOE,no,no,en
241,WOE,no,no,en
16,WOE,no,no,en
12,WOE,no,no,en
23,WOE,no,no,en
15,WOE,no,no,en
33,WOE,no,no,en
226,WOE,no,no,en
74,WOE,no,no,en
239,WOE,no,no,en
55,WOE,no,no,en
41,WOE,no,no,en
44,WOE,no,no,en
74,WOE,no,no,en
74,WOE,no,no,en
45,WOE,no,no,en
52,WOE,no,no,en
44,WOE,no,no,en
74,WOE,no,no,en
239,WOE,no,no,en
64,WOE,no,no,en
51,WOE,no,no,en
313,WOE,no,no,en
70,WOE,no,no,en
72,WOE,no,no,en
55,WOE,no,no,en
64,WOE,no,no,en
45,WOE,no,no,en
52,WOE,no,no,en
47,WOE,no,no,en
226,WOE,no,no,en
41,WOE,no,no,en
79,WOE,no,no,en
114,WOE,no,no,en
119,WOE,no,no,en
86,WOE,no,no,en
237,WOE,no,no,en
237,WOE,no,no,en
94,WOE,no,no,en
80,WOE,no,no,en
85,WOE,no,no,en
90,WOE,no,no,en
94,WOE,no,no,en
112,WOE,no,no,en
79,WOE,no,no,en
114,WOE,no,no,en
99,WOE,no,no,en
221,WOE,no,no,en
86,WOE,no,no,en
90,WOE,no,no,en
89,WOE,no,no,en
85,WOE,no,no,en
99,WOE,no,no,en
221,WOE,no,no,en
316,WOE,no,no,en
94,WOE,no,no,en
80,WOE,no,no,en
112,WOE,no,no,en
119,WOE,no,no,en
79,WOE,no,no,en
314,WOE,no,no,en
86,WOE,no,no,en
90,WOE,no,no,en
85,WOE,no,no,en
89,WOE,no,no,en
237,WOE,no,no,en
155,WOE,no,no,en
123,WOE,no,no,en
159,WOE,no,no,en
232,WOE,no,no,en
120,WOE,no,no,en
120,WOE,no,no,en
136,WOE,no,no,en
151,WOE,no,no,en
154,WOE,no,no,en
152,WOE,no,no,en
139,WOE,no,no,en
232,WOE,no,no,en
159,WOE,no,no,en
155,WOE,no,no,en
123,WOE,no,no,en
142,WOE,no,no,en
127,WOE,no,no,en
229,WOE,no,no,en
120,WOE,no,no,en
151,WOE,no,no,en
136,WOE,no,no,en
154,WOE,no,no,en
232,WOE,no,no,en
159,WOE,no,no,en
139,WOE,no,no,en
155,WOE,no,no,en
123,WOE,no,no,en
142,WOE,no,no,en
120,WOE,no,no,en
127,WOE,no,no,en
229,WOE,no,no,en
180,WOE,no,no,en
198,WOE,no,no,en
188,WOE,no,no,en
160,WOE,no,no,en
195,WOE,no,no,en
171,WOE,no,no,en
195,WOE,no,no,en
198,WOE,no,no,en
160,WOE,no,no,en
320,WOE,no,no,en
175,WOE,no,no,en
187,WOE,no,no,en
178,WOE,no,no,en
198,WOE,no,no,en
193,WOE,no,no,en
227,WOE,no,no,en
188,WOE,no,no,en
171,WOE,no,no,en
180,WOE,no,no,en
183,WOE,no,no,en
160,WOE,no,no,en
175,WOE,no,no,en
187,WOE,no,no,en
195,WOE,no,no,en
238,WOE,no,no,en
251,WOE,no,no,en
245,WOE,no,no,en
253,WOE,no,no,en
251,WOE,no,no,en
245,WOE,no,no,en
253,WOE,no,no,en
244,WOE,no,no,en
214,WOE,no,no,en
216,WOE,no,no,en
216,WOE,no,no,en
201,WOE,no,no,en
217,WOE,no,no,en
210,WOE,no,no,en
212,WOE,no,no,en
209,WOE,no,no,en
216,WOE,no,no,en
210,WOE,no,no,en
212,WOE,no,no,en
201,WOE,no,no,en
209,WOE,no,no,en
216,WOE,no,no,en
209,WOE,no,no,en
207,WOE,no,no,en
25,WOE,no,no,en
214,WOE,no,no,en
213,WOE,no,no,en
212,WOE,no,no,en
201,WOE,no,no,en
210,WOE,no,no,en
217,WOE,no,no,en
255,WOE,no,no,en
255,WOE,no,no,en
255,WOE,no,no,en
122,WOE,yes,no,en
60,WOE,yes,no,en
158,WOE,yes,no,en
104,WOE,yes,no,en
126,WOE,yes,no,en
88,WOE,yes,no,en
179,WOE,yes,no,en
194,WOE,yes,no,en
109,WOE,yes,no,en
177,WOE,yes,no,en
43,WOE,yes,no,en
103,WOE,yes,no,en
57,WOE,yes,no,en
130,WOE,yes,no,en
111,WOE,yes,no,en
196,WOE,yes,no,en
182,WOE,yes,no,en
3,WOE,yes,no,en
166,WOE,yes,no,en
92,WOE,yes,no,en
161,WOE,yes,no,en
63,WOE,yes,no,en
59,WOE,yes,no,en
125,WOE,yes,no,en
75,WOE,yes,no,en
138,WOE,yes,no,en
141,WOE,yes,no,en
17,WOE,yes,no,en
173,WOE,yes,no,en
128,WOE,yes,no,en
46,WOE,yes,no,en
71,WOE,yes,no,en
192,WOE,yes,no,en
83,WOE,yes,no,en
22,WOE,yes,no,en
32,WOE,yes,no,en
84,WOE,yes,no,en
174,WOE,yes,no,en
249,WOE,yes,no,en
61,WOE,yes,no,en
40,WOE,yes,no,en
62,WOE,yes,no,en
11,WOE,yes,no,en
101,WOE,yes,no,en
100,WOE,yes,no,en
4,WOE,yes,no,en
8,WOE,yes,no,en
9,WOE,yes,no,en
237,WOE,yes,no,en
120,WOE,yes,no,en
216,WOE,yes,no,en
7,WOE,yes,no,en
188,WOE,yes,no,en
155,WOE,yes,no,en
80,WOE,yes,no,en
193,WOE,yes,no,en
239,WOE,yes,no,en
198,WOE,yes,no,en
238,WOE,yes,no,en
10,WOE,yes,no,en
86,WOE,yes,no,en
236,WOE,yes,no,en
212,WOE,yes,no,en
171,WOE,yes,no,en
241,WOE,yes,no,en
70,WOE,yes,no,en
30,WOE,yes,no,en
47,WOE,yes,no,en
33,WOE,yes,no,en
136,WOE,yes,no,en
12,WOE,yes,no,en
253,WOE,yes,no,en
245,WOE,yes,no,en
213,WOE,yes,no,en
94,WOE,yes,no,en
85,WOE,yes,no,en
74,WOE,yes,no,en
210,WOE,yes,no,en
112,WOE,yes,no,en
51,WOE,yes,no,en
207,WOE,yes,no,en
19,WOE,yes,no,en
64,WOE,yes,no,en
44,WOT,yes,no,en
28,WOT,yes,no,en
17,WOT,yes,no,en
3,WOT,yes,no,en
37,WOT,yes,no,en
20,WOT,yes,no,en
61,WOT,yes,no,en
5,WOT,yes,no,en
36,WOT,yes,no,en
53,WOT,yes,no,en
8,WOT,yes,no,en
63,WOT,yes,no,en
41,WOT,no,no,en
8,WOT,no,no,en
54,WOT,no,no,en
15,WOT,no,no,en
53,WOT,no,no,en
36,WOT,no,no,en
26,WOT,no,no,en
5,WOT,no,no,en
28,WOT,no,no,en
47,WOT,no,no,en
3,WOT,no,no,en
20,WOT,no,no,en
181,WOE,yes,no,en
264,WOE,yes,no,en
263,WOE,yes,no,en
262,WOE,yes,no,en
265,WOE,yes,no,en
266,WOE,yes,no,en
264,WOE,yes,no,en
263,WOE,yes,no,en
264,WOE,yes,no,en
262,WOE,yes,no,en
265,WOE,yes,no,en
265,WOE,yes,no,en
266,WOE,yes,no,en
300,WOE,no,no,en
280,WOE,no,no,en
351,WOE,no,no,en
303,WOE,no,no,en
283,WOE,no,no,en
372,WOE,no,no,en
346,WOE,no,no,en
301,WOE,no,no,en
294,WOE,no,no,en
307,WOE,no,no,en
290,WOE,no,no,en
299,WOE,no,no,en
354,WOE,no,no,en
296,WOE,no,no,en
333,WOE,no,no,en
295,WOE,no,no,en
278,WOE,no,no,en
22,WOE,yes,no,en
157,WOE,yes,no,en
332,WOE,yes,no,en
96,WOE,yes,no,en
169,WOE,yes,no,en
347,WOE,yes,no,en
73,WOE,yes,no,en
233,WOE,yes,no,en
87,WOE,yes,no,en
295,WOE,yes,no,en
247,WOE,yes,no,en
333,WOE,yes,no,en
48,WOE,yes,no,en
364,WOE,yes,no,en
228,WOE,yes,no,en
340,WOE,yes,no,en
258,WOE,yes,no,en
281,WOE,yes,no,en
230,WOE,yes,no,en
219,WOE,yes,no,en
41,WOC,no,no,en
46,WOC,no,no,en
34,WOC,no,no,en
51,WOC,no,no,en
47,WOC,no,no,en
42,WOC,no,no,en
35,WOC,yes,no,en
21,WOT,no,no,en
60,WOT,no,no,en
4,WOT,no,no,en
12,WOT,no,no,en
32,WOT,no,no,en
64,WOT,no,no,en
23,WOT,no,no,en
39,WOT,no,no,en
42,WOT,no,no,en
79,WOT,no,no,en
55,WOT,no,no,en
46,WOT,no,no,en
88,WOT,yes,no,en
50,WOT,yes,no,en
16,WOT,yes,no,en
1,WOT,yes,no,en
266,WOE,yes,no,en
263,WOE,yes,no,en
265,WOE,yes,no,en
267,WOE,yes,no,en
268,WOE,yes,no,en
273,WOE,yes,no,en
273,WOE,yes,no,en
272,WOE,yes,no,en
254,WOE,no,no,en
254,WOE,no,no,en
256,WOE,no,no,en
266,WOE,no,no,en
266,WOE,no,no,en
264,WOE,no,no,en
264,WOE,no,no,en
262,WOE,no,no,en
265,WOE,no,no,en
265,WOE,no,no,en
265,WOE,no,no,en
263,WOE,no,no,en
263,WOE,no,no,en
275,WOE,no,no,en
275,WOE,no,no,en
276,WOE,no,no,en
276,WOE,no,no,en
274,WOE,no,no,en
274,WOE,no,no,en
273,WOE,no,no,en
273,WOE,no,no,en
272,WOE,no,no,en
271,WOE,no,no,en
270,WOE,no,no,en
270,WOE,no,no,en
269,WOE,no,no,en
269,WOE,no,no,en
269,WOE,no,no,en
268,WOE,no,no,en
268,WOE,no,no,en
267,WOE,no,no,en
267,WOE,no,no,en
47,WOT,no,no,en
47,WOT,no,no,en
41,WOT,no,no,en
20,WOT,no,no,en
15,WOT,no,no,en
36,WOT,no,no,en
36,WOT,no,no,en
53,WOT,no,no,en
54,WOT,no,no,en
3,WOT,no,no,en
44,WOT,no,no,en
63,WOT,no,no,en
41,WOT,no,no,en
6,WOT,no,no,en
41,WOT,no,no,en
15,WOT,no,no,en
8,WOT,no,no,en
26,WOT,no,no,en
63,WOT,no,no,en
5,WOT,no,no,en
44,WOT,no,no,en
3,WOT,no,no,en
17,WOT,no,no,en
54,WOT,no,no,en
15,WOT,no,no,en
53,WOT,no,no,en
28,WOT,no,no,en
20,WOT,no,no,en
37,WOT,no,no,en
8,WOT,no,no,en
53,WOT,no,no,en
36,WOT,no,no,en
61,WOT,no,no,en
63,WOT,no,no,en
47,WOT,no,no,en
6,WOT,no,no,en
41,WOT,no,no,en
94,M15,no,no,en
18,SHM,no,no,en
20,10E,no,no,en
251,WOE,yes,no,en
195,WOE,yes,no,en
70,WOE,yes,no,en
9,WOE,yes,no,en
241,WOE,yes,no,en
105,WOE,yes,no,en
182,WOE,yes,no,en
4,WOE,yes,no,en
158,WOE,yes,no,en
62,WOE,yes,no,en
110,WOE,yes,no,en
27,WOE,yes,no,en
194,WOE,yes,no,en
81,WOE,yes,no,en
118,WOE,yes,no,en
54,WOE,yes,no,en
103,WOE,yes,no,en
46,WOE,yes,no,en
125,WOE,yes,no,en
22,WOE,yes,no,en
149,WOE,yes,no,en
14,WOE,yes,no,en
67,WOE,yes,no,en
254,WOE,yes,no,en
3,WOE,yes,no,en
77,WOE,yes,no,en
116,WOE,yes,no,en
50,WOE,yes,no,en
250,WOE,yes,no,en
123,WOE,yes,no,en
241,WOE,yes,no,en
313,WOE,yes,no,en
52,WOE,yes,no,en
314,WOE,yes,no,en
51,WOE,yes,no,en
112,WOE,yes,no,en
86,WOE,yes,no,en
136,WOE,yes,no,en
209,WOE,yes,no,en
226,WOE,yes,no,en
52,WOE,yes,no,en
61,WOT,yes,no,en
26,WOT,yes,no,en
3,WOT,yes,no,en
1,WOC,no,no,en
22,WOC,no,no,en
24,WOC,no,no,en
156,OGW,no,no,en
60,C14,no,no,en
21,SLX,no,no,en
23,SLX,no,no,en
82,WOT,no,no,en
77,WOT,no,no,en
52,WOT,no,no,en
9,WOT,no,no,en
4,WOT,no,no,en
50,WOT,no,no,en
12,WOT,no,no,en
60,WOT,no,no,en
32,WOT,no,no,en
23,WOT,no,no,en
34,WOT,no,no,en
21,WOT,no,no,en
42,WOT,no,no,en
62,WOT,no,no,en
16,WOT,no,no,en
38,WOT,no,no,en
11,WOT,no,no,en
30,WOT,no,no,en
62,WOT,no,no,en
1,WOT,no,no,en
113,WOE,no,no,en
53,WOE,no,no,en
73,WOE,no,no,en
219,WOE,no,no,en
290,WOE,no,no,en
13,WOE,no,no,en
228,WOE,no,no,en
96,WOE,no,no,en
252,WOE,no,no,en
225,WOE,no,no,en
150,WOE,no,no,en
288,WOE,no,no,en
184,WOE,no,no,en
98,WOE,no,no,en
208,WOE,no,no,en
48,WOE,no,no,en
98,WOE,no,no,en
369,WOE,no,no,en
293,WOE,no,no,en
56,WOE,no,no,en
137,WOE,no,no,en
137,WOE,no,no,en
1,WOE,no,no,en
231,WOE,no,no,en
286,WOE,no,no,en
49,WOE,no,no,en
143,WOE,no,no,en
98,WOE,no,no,en
146,WOE,no,no,en
53,WOE,no,no,en
129,WOE,no,no,en
66,WOE,no,no,en
223,WOE,no,no,en
25,WOE,no,no,en
164,WOE,no,no,en
35,WOE,no,no,en
224,WOE,no,no,en
176,WOE,no,no,en
129,WOE,no,no,en
56,WOE,no,no,en
319,WOE,no,no,en
31,WOE,no,no,en
261,WOE,no,no,en
261,WOE,no,no,en
259,WOE,no,no,en
258,WOE,no,no,en
260,WOE,no,no,en
257,WOE,no,no,en
277,WOE,no,no,en
197,WOE,no,no,en
284,WOE,no,no,en
115,WOE,no,no,en
281,WOE,no,no,en
76,WOE,no,no,en
202,WOE,no,no,en
163,WOE,no,no,en
294,WOE,yes,no,en
168,WOE,yes,no,en
381,WOE,yes,no,en
222,WOE,yes,no,en
25,WOE,yes,no,en
39,WOE,yes,no,en
82,WOT,yes,no,en
7,WOT,yes,no,en
18,WOT,yes,no,en
22,WOC,yes,no,en
20,P30A,yes,no,en
19,P30A,yes,no,fr
640,SLD,yes,no,en
629,SLD,yes,no,en
1386,SLD,no,no,en
1385,SLD,no,no,en
1384,SLD,no,no,en
1383,SLD,no,no,en
1382,SLD,no,no,en
1369,SLD,no,no,en
1371,SLD,no,no,en
1368,SLD,no,no,en
1370,SLD,no,no,en
13,DDS,no,no,en
2,NEC,no,no,en
129,WOE,yes,no,
48,WOE,yes,no,
35,WOE,no,no,
389,NEO,yes,no,
213,NEO,no,no,
153,NEO,no,no,
352,NEO,no,no,
232,NEO,no,no,
228,NEO,no,no,
206,NEO,no,no,
131,NEO,yes,no,
70,NEO,yes,no,
4,NEO,yes,no,
104,NEO,yes,no,
244,NEO,yes,no,
331,NEO,no,no,
11,NEO,no,no,
4,NEO,no,no,
43,NEO,no,no,
29,NEO,no,no,
35,NEO,no,no,
41,NEO,no,no,
309,NEO,no,no,
48,NEO,no,no,
73,NEO,no,no,
317,NEO,no,no,
85,NEO,no,no,
48,NEO,no,no,
45,NEO,no,no,
80,NEO,no,no,
334,NEO,no,no,
66,NEO,no,no,
78,NEO,no,no,
318,NEO,no,no,
97,NEO,no,no,
92,NEO,no,no,
104,NEO,no,no,
112,NEO,no,no,
129,NEO,no,no,
91,NEO,no,no,
339,NEO,no,no,
107,NEO,no,no,
128,NEO,no,no,
144,NEO,no,no,
168,NEO,no,no,
132,NEO,no,no,
130,NEO,no,no,
169,NEO,no,no,
151,NEO,no,no,
319,NEO,no,no,
165,NEO,no,no,
17,NEO,no,no,
322,NEO,no,no,
179,NEO,no,no,
191,NEO,no,no,
183,NEO,no,no,
187,NEO,no,no,
347,NEO,no,no,
174,NEO,no,no,
325,NEO,no,no,
211,NEO,no,no,
348,NEO,no,no,
236,NEO,no,no,
258,NEO,no,no,
243,NEO,no,no,
240,NEO,no,no,
256,NEO,no,no,
269,NEO,no,no,
280,NEO,no,no,
264,NEO,no,no,
274,NEO,no,no,
279,NEO,no,no,
277,NEO,no,no,
289,NEO,no,no,
289,LCI,yes,no,
275,LCI,yes,no,
276,LCI,yes,no,
210,LCI,yes,no,
197,LCI,yes,no,
130,LCI,yes,no,
82,LCI,yes,no,
9,LCI,yes,no,
407,LCI,yes,no,
407,LCI,yes,no,
262,LCI,yes,no,
278,LCI,no,no,
268,LCI,no,no,
274,LCI,no,no,
274,LCI,no,no,
286,LCI,no,no,
275,LCI,no,no,
276,LCI,no,no,
275,LCI,no,no,
274,LCI,no,no,
277,LCI,no,no,
275,LCI,no,no,
233,LCI,no,no,
233,LCI,no,no,
312,LCI,no,no,
230,LCI,no,no,
298,LCI,no,no,
226,LCI,no,no,
301,LCI,no,no,
262,LCI,no,no,
252,LCI,no,no,
263,LCI,no,no,
260,LCI,no,no,
187,LCI,no,no,
178,LCI,no,no,
198,LCI,no,no,
184,LCI,no,no,
215,LCI,no,no,
217,LCI,no,no,
194,LCI,no,no,
183,LCI,no,no,
180,LCI,no,no,
186,LCI,no,no,
213,LCI,no,no,
216,LCI,no,no,
194,LCI,no,no,
408,LCI,no,no,
139,LCI,no,no,
320,LCI,no,no,
147,LCI,no,no,
139,LCI,no,no,
162,LCI,no,no,
146,LCI,no,no,
147,LCI,no,no,
170,LCI,no,no,
133,LCI,no,no,
165,LCI,no,no,
87,LCI,no,no,
108,LCI,no,no,
96,LCI,no,no,
87,LCI,no,no,
97,LCI,no,no,
124,LCI,no,no,
129,LCI,no,no,
65,LCI,no,no,
54,LCI,no,no,
22,LCI,no,no,
8,LCI,no,no,
23,LCI,no,no,
19,LCI,no,no,
6,LCI,no,no,
23,LCI,no,no,
6,LCI,no,no,
22,LCI,no,no,
16,LCI,no,no,
23,LCI,no,no,
255,LCI,no,no,
253,LCI,no,no,
250,LCI,no,no,
248,LCI,no,no,
253,LCI,no,no,
250,LCI,no,no,
248,LCI,no,no,
259,LCI,no,no,
200,LCI,no,no,
174,LCI,no,no,
177,LCI,no,no,
197,LCI,no,no,
218,LCI,no,no,
174,LCI,no,no,
197,LCI,no,no,
199,LCI,no,no,
12,LCI,no,no,
192,LCI,no,no,
203,LCI,no,no,
214,LCI,no,no,
210,LCI,no,no,
209,LCI,no,no,
202,LCI,no,no,
197,LCI,no,no,
163,LCI,no,no,
172,LCI,no,no,
172,LCI,no,no,
142,LCI,no,no,
149,LCI,no,no,
169,LCI,no,no,
154,LCI,no,no,
160,LCI,no,no,
155,LCI,no,no,
163,LCI,no,no,
140,LCI,no,no,
131,LCI,no,no,
172,LCI,no,no,
131,LCI,no,no,
140,LCI,no,no,
136,LCI,no,no,
130,LCI,no,no,
89,LCI,no,no,
105,LCI,no,no,
118,LCI,no,no,
110,LCI,no,no,
119,LCI,no,no,
112,LCI,no,no,
105,LCI,no,no,
99,LCI,no,no,
90,LCI,no,no,
105,LCI,no,no,
116,LCI,no,no,
130,LCI,no,no,
99,LCI,no,no,
128,LCI,no,no,
130,LCI,no,no,
66,LCI,no,no,
75,LCI,no,no,
71,LCI,no,no,
69,LCI,no,no,
85,LCI,no,no,
70,LCI,no,no,
73,LCI,no,no,
71,LCI,no,no,
84,LCI,no,no,
66,LCI,no,no,
49,LCI,no,no,
68,LCI,no,no,
71,LCI,no,no,
84,LCI,no,no,
72,LCI,no,no,
72,LCI,no,no,
77,LCI,no,no,
57,LCI,no,no,
77,LCI,no,no,
66,LCI,no,no,
45,LCI,no,no,
9,LCI,no,no,
3,LCI,no,no,
15,LCI,no,no,
40,LCI,no,no,
31,LCI,no,no,
27,LCI,no,no,
37,LCI,no,no,
30,LCI,no,no,
40,LCI,no,no,
4,LCI,no,no,
31,LCI,no,no,
37,LCI,no,no,
24,LCI,no,no,
29,LCI,no,no,
15,LCI,no,no,
2,LCI,no,no,
31,LCI,no,no,
27,LCI,no,no,
31,LCI,no,no,
40,LCI,no,no,
4,LCI,no,no,
15,LCI,no,no,
7,LCI,no,no,
18,LCI,no,no,
15,LCI,no,no,
18,LCI,no,no,
9,LCI,no,no,
30,LCI,no,no,
31,LCI,no,no,
2,LCI,no,no,
13,LCI,no,no,
29,LCI,no,no,
27,LCI,no,no,
37,LCI,no,no,
69,LCI,yes,no,
165,10E,no,no,
256,LCI,yes,no,
137,LCI,yes,no,
208,LCI,yes,no,
47,LCI,yes,no,
44,LCI,no,no,
171,LCI,no,no,
122,LCI,no,no,
234,LCI,no,no,
228,LCI,no,no,
55,LCI,no,no,
56,LCI,no,no,
127,LCI,no,no,
281,LCI,no,no,
335,LCI,no,no,
271,LCI,no,no,
41,LCI,no,no,
193,LCI,no,no,
161,LCI,no,no,
157,LCI,no,no,
237,LCI,no,no,
31,WAR,no,no,
25,HOU,no,no,
241,WOE,no,no,
236,WOE,no,no,
70,XLN,no,no,
48,NEO,no,no,
52,NEO,no,no,
72,WOE,no,no,
17,WOT,no,no,
135,WAR,no,no,
151,XLN,no,no,
102,HOU,no,no,
161,NEO,no,no,
41,WOT,no,no,
164,LCI,no,no,
147,LCI,no,no,
167,WAR,no,no,
196,XLN,no,no,
348,NEO,no,no,
227,WOE,no,no,
180,WOE,no,no,
183,WOE,no,no,
180,LCI,no,no,
253,WOE,no,no,
205,WOE,no,no,
214,WOE,no,no,
230,LCI,no,no,
36,WAR,no,no,
25,WAR,no,no,
29,XLN,no,no,
16,HOU,no,no,
309,NEO,no,no,
3,WOE,no,no,
35,LCI,no,no,
42,WAR,no,no,
76,XLN,no,no,
44,HOU,no,no,
46,HOU,no,no,
67,NEO,no,no,
88,WAR,no,no,
109,WAR,no,no,
107,WAR,no,no,
127,XLN,no,no,
89,XLN,no,no,
123,XLN,no,no,
82,HOU,no,no,
117,WOE,no,no,
83,WOE,no,no,
116,WOE,no,no,
111,WOE,no,no,
131,WAR,no,no,
144,WAR,no,no,
169,XLN,no,no,
95,HOU,no,no,
101,HOU,no,no,
144,WOE,no,no,
126,WOE,no,no,
166,LCI,no,no,
179,WAR,no,no,
149,WAR,no,no,
175,XLN,no,no,
195,XLN,no,no,
193,XLN,no,no,
111,HOU,no,no,
118,HOU,no,no,
202,NEO,no,no,
195,NEO,no,no,
196,NEO,no,no,
165,WOE,no,no,
173,WOE,no,no,
186,WOE,no,no,
181,WOE,no,no,
177,LCI,no,no,
174,LCI,no,no,
242,XLN,no,no,
162,HOU,no,no,
243,WOE,no,no,
261,WAR,no,no,
268,XLN,no,no,
193,HOU,no,no,
183,HOU,no,no,
170,HOU,no,no,
297,NEO,no,no,
270,WOE,no,no,
267,WOE,no,no,
24,REX,no,no,
290,LCI,no,no,
219,WAR,no,no,
71,XLN,no,no,
132,HOU,no,no,
197,NEO,no,no,
295,WOE,no,no,
222,WOE,no,no,
35,WOE,no,no,
38,WOT,no,no,
11,WOT,no,no,
219,WOE,no,no,
193,LCI,no,no,
215,WOE,no,no,
16,NEO,yes,no,
63,WOE,,,
11,WOE,,,
268,WOE,,,
243,WOE,,,
70,LCI,,,
